{
    "r2_score": 0.9010868372000304,
    "mse": 241.0057608088265,
    "rmse": 15.524360238310193,
    "accuracy": 0.5261997829032654
}